path,text
0000009.png,Hammer with a square grey stone head and a diagonal brown wooden handle
0000029.png,"Mace weapon, silver spiked metal ball attached to a long brown handle"
0000105.png,"Short sword, wide silver blade, brown crossguard, dark blue handle grip"
0000107.png,"Woodcutting axe, small metallic silver head, long vertical brown wooden handle"
0000165.png,Axe featuring a long brown wooden handle and a sharp gray metal head
0000186.png,Sledgehammer with a long black handle and a heavy red and black head
0000193.png,Battle axe featuring a long wooden handle and a curved sharp metal blade
0000212.png,Sledgehammer with a long black handle and a heavy dark grey rectangular head
0000270.png,"Simple sword, straight grey blade with a brown handle and dark pommel"
0000274.png,"Primitive spear, sharp metal tip tied with red cloth to a pole"
0000283.png,Scepter with a long black handle and a dark head holding a green gemstone
0000311.png,"Poleaxe, long dark wooden handle topped with a grey metal blade"
0000355.png,"Cart, wooden and two-wheeled, with brown planks and front handles"
0000391.png,"Battle axe, steel double-headed blade attached to a long brown wooden handle angled diagonally"
0000400.png,"Battle axe, pale grey metal double blade on a brown wooden handle, angled diagonally"
0000403.png,"Executioner axe, silver metal blade with gold trim attached to a dark blue handle"
0000433.png,"Morning star, silver spiked mace head attached to a long brown wooden handle"
0000525.png,Battle axe featuring a sharp grey metal blade and a long brown handle
0000618.png,"Battle axe, sharp grey metal blade attached to a long dark brown wooden handle"
0000633.png,"Battle axe, curved gray metal blade with a long dark brown wooden handle"
0000648.png,"Spiked mace, gray metal ball with sharp points on a brown wooden shaft"
0000714.png,"Sledgehammer, heavy black metal head with red edges on a long thin handle"
0000721.png,"Hatchet, grey metal blade attached to a straight horizontal brown wooden handle"
0000855.png,Axe with a sharp grey metal blade and a long brown wooden handle
0000872.png,Hand axe with small grey metal head and long brown wooden handle
0001016.png,"Warrior, grey metal helmet, brown tunic, and a blue-tipped spear"
0001021.png,Warrior dressed in white and purple clothes wielding a large silver sword
0001026.png,Guard in a grey helmet and orange clothes holding a blue-tipped spear
0001028.png,Short sword with a black handle and a thick grey metal blade
0001099.png,"Small knight, grey metal helmet, brown tunic, holding long spear pointed upwards"
0001108.png,"Warrior, silver helmet, brown tunic, holding a long brown spear with blue tip"
0001141.png,Small wooden boat with a single black mast and a white triangular sail
0001158.png,White cat-girl with pink hair holding a long-handled axe with a grey blade
0001161.png,White cat-girl with pink hair swinging a black spiked flail on a chain
0001184.png,"Long wooden pole weapon with a dark, curved stone head at the top"
0001207.png,Tiny knight with a grey helmet and brown tunic holding a spear
0001220.png,"Knight wearing a grey helmet and brown tunic, holding a tall spear"
0001248.png,"Hatchet, long brown wooden handle attached to a dark, jagged stone blade head"
0001262.png,Battle axe with long wooden handle and rusted iron head angled upwards
0001266.png,White humanoid creature with pink eye-like head holding a long thin needle
0001268.png,Wooden boat with dark hull and two greyish-white triangular sails above it
0001270.png,a pixel with a sword and a red shirt
0001300.png,Hand axe with long dark brown wooden handle and metallic grey and rust head
0001312.png,"Large grey broadsword with a dark handle, crossguard, and thick, straight-edged metal blade"
0001313.png,Small knight in a silver helmet lunging forward with a long wooden spear
0001326.png,"Guard, silver helmet, brown tunic, holding tall spear with blue metal tip"
0001330.png,"Cat-like person, white fur, pink hair, purple clothing, swinging wooden baseball bat"
0001355.png,"Knight, silver metal helmet, brown leather tunic, yellow boots, holding blue-tipped wooden spear"
0001362.png,"Knight, silver helmet, brown tunic, white shield, wooden spear, standing facing right"
0001378.png,"Warrior with brown hair, red tunic, and a long silver sword"
0001401.png,"Warrior, steel helmet and armor, holding a vertical spear with a blue tip"
0001407.png,"Soldier, gray helmet, brown tunic, holding a long spear with a blue tip"
0001442.png,"Warrior, grey helmet, brown tunic, holding a long blue tipped spear"
0001443.png,"Cat girl, white fur, pink hair, wearing purple clothes and holding a sword"
0001470.png,"Knight, silver helmet and brown tunic, holding a blue-tipped spear at a diagonal"
0001528.png,Hammer with a brown wooden handle and a blocky grey metal head
0001536.png,Tilted sledgehammer with a wooden handle and a heavy grey metal head
0001607.png,"Knight, gold armor and chainmail, red circular shield, and a curved silver sword"
0001707.png,"Warrior figure wearing a winged helmet, grey tunic, and holding a wooden staff"
0001730.png,Silver Spartan helmet featuring a tall red crest and a black face opening
0001748.png,"Human hand, severed and bleeding, large metal nail through the palm"
0001780.png,"Battle axe, textured blue-green stone blade attached to a long brown wooden handle"
0001901.png,Scepter featuring a golden circular head with geometric patterns and a dark red handle
0001908.png,"Axe, wooden handle with a teal stone head featuring dark cracks"
0001954.png,"Warrior, bearded with gold armor, carrying a staff and a round gold shield"
0002003.png,Skeletal wizard wearing a dark grey cloak and holding a wooden staff with orb
0002130.png,"Green banner, rectangular fabric hanging from a brown pole with grey accents"
0002140.png,Armored warrior
0002160.png,"Equipment bundle: large pink sword, grey metal helmet, glass potions, and gold coins"
0002170.png,"Hand axe, curved teal metal blade attached to long dark brown wooden handle"
0002175.png,"Royal wizard character, white beard, blue cloak, holding tall staff with orb top"
0002313.png,Black plate armor boots featuring gold metal trim and pointed toe segments
0002350.png,"Wizard in red robes, holding a golden staff and a fireball"
0002356.png,Barbarian wearing a red loincloth and holding a large grey axe
0002496.png,Wooden arrow piercing a purple skull-like fruit with green liquid dripping down
0002500.png,"Two human figures, one a knight in gold armor above a smaller soldier"
0002502.png,"Wooden crossbow, dark brown handle and black metal bow, viewed from above"
0002552.png,Metal sword with a double-edged silver blade and a black and red hilt
0002572.png,"Purple hooded figure, red glowing eyes, holding a tall gold and cyan staff"
0002617.png,"Silver sword, black handle, red crossguard, pointed metal blade with red blood stains"
0002712.png,"Clothing set, black trousers paired with a golden staff and white orb"
0002768.png,Wooden staff topped with a jagged cluster of bluish-grey sharp stones
0002849.png,"Equipment pile, silver sword, metal helmet, red shield, and small blue potion bottles"
0002868.png,"Sword, golden hilt and crossguard with bright yellow glints on black background"
0002876.png,"Longsword with a silver metal blade, black grip, and a cross-shaped silver guard"
0002900.png,"Sword with a bat-winged crossguard, silver hilt, and red-trimmed steel blade"
0002910.png,Thorny branch made of brown wood with sharp pointed spikes protruding along its length
0002922.png,"Steel sword, silver blade, black grip, surrounded by glowing green and purple rings"
0002941.png,Wooden slingshot with a stone pouch holding a glowing yellow and orange projectile
0002957.png,Curved dagger. Silver blade with a glowing purple energy trail spiraling around the hilt
0002964.png,"Dagger, curved silver blade, ornate hilt, red tassel, serrated metal edge"
0002969.png,"Sword, gold hilt, silver blade base, bright blue glowing light"
0002971.png,"Triple-bladed dagger, silver metal, ornate h"
0002975.png,Long sword. Silver blade with purple and yellow energy swirls around the black handle
0002976.png,Ornate dagger. Broad silver blade with purple patterns and a brown textured handle
0002984.png,"Silver sword blade angled diagonally, surrounded by glowing white and blue magical orbs"
0002991.png,Curved silver dagger featuring a textured blade and a gold-colored hilt and crossguard
0002995.png,"Straight silver sword with a golden hilt, emitting white and blue sparkling light"
0002996.png,"Silver blade sword with a black handle, surrounded by white misty energy"
0003052.png,"Curved dagger, silver blade stained with blood, ornate brown handle with spikes"
0003056.png,"Leather boots, brown material, decorated with glowing blue and white magical horizontal bands"
0003089.png,"Silver sword with a curved horned hilt, red gem, and purple energy glow"
0003091.png,"Dry wooden branch covered in white spiderwebs with jagged, brown bark textures"
0003098.png,Diagonal sword blade being struck by several brown wooden shafts against dark shadows
0003117.png,Silver metal dagger with a brown handle and
0003124.png,a picture of a sword with a long blade
0003154.png,"Lightning bolt, jagged white core, purple and blue glowing aura, black background"
0003166.png,Jagged serrated knife with a wooden handle and purple and green decorative feathers
0003176.png,Short sword
0003180.png,Dagger made of glowing blue ice with a dark curved handle
0003184.png,"Sword hilt, gold pommel and crossguard, steel blade emitting purple electrical bolts"
0003186.png,"Dagger, silver blade, brown leather handle, surrounded by a glowing green mist"
0003187.png,"Dagger, glowing blue energy blade, black handle, crackling with white electrical sparks"
0003189.png,"Leather boots, brown material, wrapped in glowing cyan energy bands and white highlights"
0003214.png,"Dagger, sharp silver metal blade, brown handle with curved guard"
0003218.png,"Leather boots, brown material, glowing purple bands around the ankles"
0003233.png,"Sword, black grip hilt, silver pommel, blade glowing with red and white energy"
0003235.png,"Sword, black hilt, silver blade surrounded by intense orange and yellow fire"
0003248.png,"Sharp wooden branch, brown bark, jagged thorns, glowing yellow and red base"
0003258.png,"Dagger, dark patterned metal blade with curved bone handle and silver metallic pommel"
0003270.png,Steel dagger with a golden hilt and a bright purple magical glowing blade
0003291.png,"Sword, silver metal blade with gold crossguard and blue gem"
0003347.png,a pixel style knife with a black background
0003361.png,"Sword, silver hilt and pommel, emitting bright blue electric sparks from the crossguard"
0003370.png,"Steel dagger, golden crossguard, white hilt, glowing blue blade inside black square"
0003397.png,Sword with a glowing green blade and a silver and black hilt
0003420.png,"Sword, angled silver metallic blade, black hilt, decorated with blue and purple energy wings"
0003433.png,"Silver sword, metallic blade with ornate circular hilt and dark grip"
0003441.png,"Pointed dagger, dark triangular blade, brown handle, and sharp steel tip"
0003454.png,"Dagger with curved silver blade, brown leather hilt, and white border"
0003466.png,"Dagger, curved silver blade with purple etchings, ivory crossguard and handle"
0003481.png,Silver
0003511.png,"Lantern, glowing yellow glass cage hanging from a curved light-brown wooden staff"
0003533.png,"Sword featuring a sharp silver blade and an ornate, curved blue hilt with glowing highlights"
0003547.png,"Sword, silver blade, red ribbon on crossguard, surrounded by small white glows"
0003551.png,Dagger with a curved handle emitting three bright blue energy blasts forward
0003564.png,Survival knife with a black handle and a blade stained with blood
0003583.png,"Sword with a brown hilt, crossguard, and long grey blade pointing diagonally"
0003609.png,Magic staff with brown wooden handle and glowing cyan orb held in silver metal
0003657.png,"Sword with a silver blade, red hand guard, and brown grip"
0003714.png,"Magic staff with a wooden handle, glowing cyan gemstone, and silver metal setting"
0003726.png,"Iron sword with a purple gem hilt, framed within a square wooden border"
0003738.png,Wooden magic staff topped with a glowing green crystal orb and black accents
0003808.png,"Warrior, purple hair, silver shield, wooden spear, brown cloak, green and tan armor"
0003819.png,Wooden staff topped with a glowing blue orb held by dark metal rings
0003832.png,"Sword featuring a grey metal blade, a gold crossguard and brown wooden handle"
0003843.png,"Spear, long wooden handle with a pointed silver blade and guard"
0003916.png,"Magical staff, wooden handle topped with a teal orb and purple crystals"
0003917.png,"Naginata, long wooden pole with a white blade and red ribbon"
0003983.png,Dark grey inkwell holding a beige feather quill pen beside a brown bottle
0003984.png,"Short sword featuring a grey blade, a golden guard, and a brown handle"
0003986.png,a pixel sword
0004069.png,a pixel sword with a blue and brown handle
0004149.png,"Broadsword, straight silver metal blade with a golden hilt and circular pommel"
0004194.png,"Scepter, brown wooden staff topped with glowing purple and white crystals"
0004214.png,"Sword, silver blade and golden hilt with red gem, inside a wooden frame"
0004237.png,"Sword, grey metal blade with cyan glowing light around the silver crossguard"
0004239.png,"Spear, wooden brown shaft with a silver metal point and red fabric tassel"
0004274.png,Steel sword with a golden hilt set inside a square brown wooden frame
0004280.png,Morning star weapon with long silver handle and spiky grey mace head with blue details
0004294.png,"Steel sword, square wooden frame, bronze hilt with a small round blue gem"
0004310.png,"Magic staff, brown wooden rod topped with a glowing yellow circular gem"
0004350.png,"Silver sword with a long straight blade, brown hilt, and grey crossguard"
0004376.png,Mace weapon with a spiked grey metal head on a brown wooden handle
0004396.png,a pixel sword with a blue and orange face
0004401.png,"Hand axe, wooden handle with red twine and a sharp white metal blade"
0004417.png,"Broadsword with a thick steel blade, a golden crossguard,"
0004434.png,"Sword, silver double-edged blade, dark brown curved crossguard, textured handle and round pommel"
0004450.png,"Flail with a brown wooden handle, black chain, and a spiked grey iron head"
0004452.png,"Spear, long wooden shaft, white pointed blade with"
0004493.png,"Dagger with a brown hilt, purple rounded pommel, and a curved blade"
0004511.png,"Double-headed battle axe with white blades, grey trim, and brown wooden handle"
0004523.png,Battle axe with curved silver metal blade and long brown wooden handle
0004552.png,"Poisoned spear, wooden shaft with a grey tip dripping with green liquid"
0004574.png,"Futuristic white spaceship with blue accents, gold details, and small brown legs"
0004625.png,Wooden staff with a purple crystal head and small red gemstone details
0004667.png,"Wooden mace, brown handle, large glowing yellow orb at the top"
0004695.png,Stone axe with a white flint head lashed to a brown wooden handle
0004704.png,Silver sword with a golden hilt and a small bowl floating above
0004721.png,"Sword with a grey steel blade, ornate brown crossguard, and purple hilt gem"
0004725.png,Curved wooden staff with brown bark textures and blue and red gems
0004742.png,Wooden spear with a brown shaft and a pointed grey metal head
0004759.png,"Broadsword with a light blue metal blade, golden etchings, and decorated hilt"
0004779.png,"Axe, double-headed with white blades, red outlines, and a diagonal brown handle"
0004807.png,"Sword, silver metal blade, grey crossguard, and a brown wooden handle"
0004852.png,"Wooden staff featuring a blue orb at the tip, enclosed within a brown frame"
0004866.png,"Scythe, curved grey metal blade, brown wooden handle with silver metallic bands"
0004872.png,Black vertical spike with thin red lines protruding from the center
0005058.png,"Dagger, pointed silver blade with a black hilt on black square"
0005069.png,Armored knight with a red helmet plume holding a long silver sword
0005299.png,"Knight, silver helmet, red plume, holding a white sword and small red shield"
0005319.png,"Sign, brown cigar with a white tip positioned over a red cross"
0005532.png,"Dagger, pointed silver blade, black hilt, metallic crossguard, sharp grey steel edge"
0005834.png,Soldier in brown armor and a metal helmet holding a bow
0006037.png,Wooden bow with a curved brown frame and a thin vertical string
0006543.png,"Sword with a silver and blue blade, brown crossguard, and round grey pommel"
0006583.png,"Cutting board, wooden rectangular surface with chopped green herbs and a silver knife"
0006744.png,"Viking warrior with a horned helmet, brown shield, and a spear with white tip"
0006812.png,"Viking warrior wearing a horned helmet, holding a round shield and a spear"
0006841.png,"Armored bird warrior with a winged helmet, blue cape, and a pointed metal weapon"
0007011.png,"Wooden club, long and brown with a light-colored grip on the end"
0007020.png,"Viking warrior with horned helmet, dark purple cape, shield, and long spear"
0007101.png,"Standing knight with horned helmet, blue outfit, yellow cape, and long spear"
0007405.png,"Fantasy longsword, jagged black blade with a gold hilt and curved crossguard, pointing upward"
0007805.png,"Viking warrior, silver horned helmet, round gold shield, blue cape, holding spear"
0007819.png,"Viking warrior with horned helmet, blue tunic, yellow cape, round shield, and spear"
0008112.png,"Spaceship, slender red and white body, long needle nose, small side wings"
0008113.png,"Stone axe, long brown wooden handle, grey chipped flint head, primitive construction"
0008134.png,Grey fighter jet with triangular wings and two glowing blue engine exhausts at rear
0008139.png,"Red mechanical device, tall vertical rod, white side arms, wide tiered base"
0008153.png,"Aircraft, grey metal jet with blue flames trailing from two rear engines"
0008154.png,"Goblin, green head with brown helmet holding a wood club with red"
0008201.png,"Battle axe, long diagonal brown wooden handle with a grey metal blade and spike"
0008212.png,"Laser tower, red and white mechanical structure with a tall thin central pillar"
0008359.png,Red mechanical device with a central tan block and thin vertical pole
0008372.png,"Fighter jet, silver metallic hull, pointed nose, delta wings, and twin blue exhausts"
0008403.png,"Van, blue isometric body with light blue windows and small black rubber tires"
0008464.png,"Backpack, camouflaged with green and brown patches, blue canteen, and red base"
0008505.png,"Fighter jet, gray metal body, triangular wings, two blue glowing exhaust ports"
0008531.png,"Stone axe, long brown wooden handle, grey rock head, and tied bindings"
0008533.png,"Blue car, isometric view, light blue windows, four wheels, and simple body"
0008559.png,Grey fighter jet seen from above with two bright blue engine flames behind
0008566.png,"Crossbow, red wooden frame, tan horizontal bow limb, and a central reloading mechanism"
0008575.png,Silver triangular fighter jet with two bright blue engine trails firing from behind
0008632.png,"Jet fighter, silver with pointed nose, triangular wings, and blue engine trails"
0008690.png,"Stone axe, grey jagged stone head bound to a brown wooden handle with cord"
0008803.png,Grey skeletal humanoid with glowing eyes and curved metal blades for hands
0008805.png,"Magnifying glass with blue handle, gold rim, and orange cat-like slit eye"
0008811.png,"Magnifying glass with blue handle, green rim, and green feline eye in lens"
0008848.png,a pixel sword with a red eye
0008851.png,"Magnifying glass with a yellow eye lens, gold rim, and blue handle"
0008852.png,"Magnifying glass with a red eye lens, gold rim, and black handle"
0008865.png,"Magnifying glass, black handle, orange frame containing an orange eye with black pupil"
0008867.png,"Magnifying glass, black handle, orange circular frame with a large eye inside the lens"
0008875.png,"Magnifying glass with grey handle, gold rim, containing a glowing orange and black eye"
0008878.png,"Magnifying glass with black handle, gold rim, and a vertical orange cat-like eye"
0008879.png,"Magnifying glass with light blue handle, gold rim, and a yellow eye"
0008905.png,"Handheld device, grey handle, metal neck, white head with a green eye"
0008917.png,"Handheld compass with a blue handle, gold rim, and a pointing needle"
0008924.png,Handheld compass with a wooden brown handle and a blue circular rim
0008934.png,"Magnifying glass with a blue handle, silver frame, and a red eye lens"
0008943.png,"Magnifying glass with a black handle, silver frame, and a yellow eye lens"
0008944.png,"Metallic wand with a black handle, gold ring, and yellow slitted eye orb"
0008965.png,"Magnifying glass, silver metal frame, featuring a red reptilian eye within the lens"
0008987.png,"Magnifying glass with a brown handle, green frame, and glowing green glass lens"
0008996.png,"Magnifying glass with a blue handle, gold frame, and red cat eye"
0009010.png,"Magic wand featuring a blue handle, gold collar, and pink eye inside a glass sphere"
0009012.png,"Heart wand with a black handle, gold neck, and a vibrant red heart-shaped top"
0009026.png,"Heart wand featuring a black handle, gold collar, and a shiny golden heart-shaped top"
0009031.png,a pixel sword with a blue eye and a gold handle
0009032.png,a pixel sword with a yellow handle
0009033.png,"Compass tool with yellow handle, silver rim, and red circular gauge face"
0009044.png,"Compass tool featuring a yellow handle, silver rim, and blue gauge face"
0009046.png,a pixel sword with a pink stone on it
0009048.png,a pixel sword with a red and black blade
0009050.png,a pixel sword with a pixel on it
0009058.png,"Goblin, green-skinned creature with dark hair holding a white sword and wooden shield"
0009060.png,"Magnifying glass, silver lens with gold rim attached to a blue and white handle"
0009074.png,"Magic wand with a black handle, gold collar, and glowing orange eye"
0009082.png,"Magic wand with a brown handle, gold collar, and glowing orange eye"
0009084.png,"Magic wand with a silver handle, gold collar, and glowing red eye"
0009097.png,"Magic wand, black handle with a silver band and a light blue glowing bulb"
0009109.png,Magic magnifying glass with a blue handle and a pink eye inside the lens
0009141.png,Magnifying glass with blue handle and large green eye behind the glass
0009161.png,"Compass with brown wooden handle, gold ring, and white face with grey needle"
0009183.png,"Eye wand, blue handle, gold ring, white orb containing a red eye"
0009186.png,"Magnifying glass, brown handle, golden ring, circular grey glass lens"
0009195.png,"Magnifying glass, blue handle, gold ring, white frame, green eye inside lens"
0009199.png,"Magnifying glass, brown handle, gold ring, white frame, grey cat eye inside lens"
0009200.png,"Magnifying glass, blue handle, gold ring, white frame, grey cat eye inside lens"
0009215.png,"Sword, light blue blade, brown crossguard and hilt, angled diagonally upward"
0009219.png,"Wand, golden handle, round glass lens with an orange eye inside"
0009221.png,"Wand, silver handle, round glass lens with a red eye inside"
0009223.png,"Wand, black handle, round glass lens with an orange eye inside"
0009237.png,Eyeball wand with a light blue handle and glowing pink eye
0009251.png,"Magic staff having grey handle, gold ring, and orange eye in sphere"
0009256.png,"Magnifying glass, yellow handle, silver frame, green eye with slit pupil inside"
0009261.png,"Magnifying glass, yellow handle, purple frame, pink eye with slit pupil inside"
0009266.png,"Magic staff having gold handle, red ring, and red eye in sphere"
0009270.png,"Handheld lens featuring a black handle, gold ring, and pink slit eye"
0009277.png,"Magic staff, light blue handle, gold collar, glass orb featuring orange eye"
0009283.png,"Magnifying tool, blue handle, gold band, circular lens with light blue glass"
0009286.png,"Handheld lens featuring a black handle, gold ring, and silver slit eye"
0009287.png,"Handheld lens featuring a gray handle, gold ring, and yellow slit eye"
0009294.png,"Compass device, brown wooden handle, golden circular rim, white dial, yellow needle"
0009295.png,"Scepter with a black handle, gold collar, and green heart gem"
0009300.png,"Magnifying glass with a silver handle, gold ring, and green lens"
0009301.png,"Scepter with a black handle, gold collar, and black heart gem"
0009305.png,"Magnifying glass with a wooden handle, gold ring, and yellow lens"
0009308.png,"Heart scepter, black handle, gold collar, large light blue heart-shaped glowing gem"
0009312.png,"Magnifying glass, blue handle, silver metal frame, clear lens with black center"
0009321.png,"Heart wand, black handle, gold ring, pink heart top with white highlight"
0009329.png,"Magnifying glass with black handle, golden ring, and a slit pupil in the lens"
0009363.png,"Handheld mallet featuring a black handle, gold ring, and yellow heart-shaped head"
0009364.png,Magnifying glass tool with a silver handle and a compass needle inside its lens
0009365.png,"Handheld mallet featuring a black handle, gold ring, and orange heart-shaped head"
0009370.png,"Magnifying glass with black handle, gold rim, and glowing orange eye lens"
0009388.png,Magnifying glass with a silver handle and a compass needle inside the lens
0009400.png,"Magic wand with a black handle, gold collar, and glowing orange heart"
0009423.png,"Magnifying glass, light blue handle, golden rim, yellow lens with horizontal slit"
0009427.png,"Magnifying glass, black handle, golden rim, white lens with horizontal slit"
0009428.png,"Magnifying glass, light blue handle, golden rim, orange lens with horizontal slit"
0009430.png,"Magnifying glass, black handle, golden rim, dark gray lens with horizontal slit"
0009435.png,"Compass, blue cylindrical handle, gold circular rim, yellow directional needle"
0009440.png,"Magnifying glass with blue handle, silver rim, and a lens showing a line"
0009442.png,"Magnifying glass with gray handle, silver rim, and a lens showing a line"
0009477.png,pixel sword icon
0009478.png,a pixel sword with a yellow handle
0009480.png,"Magnifying glass, black handle, silver rim, containing a vertical red slit-pupil eye"
0009489.png,"Magnifying glass, black handle, gold collar, containing a grey and white reflective lens"
0009490.png,"Magnifying glass, blue handle, gold collar, containing a vertical pink slit-pupil eye"
0009495.png,"Heart wand, black handle, gold collar, topped with a shiny white heart shape"
0009497.png,"Magnifying glass, blue handle, gold collar, containing a vertical orange slit-pupil eye"
0009518.png,"Magnifying glass, light blue handle, silver frame, and a pale blue lens"
0009526.png,Handheld spyglass with a brown handle and a large glowing eye
0009809.png,Female warrior with brown hair wearing silver armor and carrying a sword
0010149.png,"Fountain pen, brown wooden handle, silver metallic ferrule, black pointed writing nib"
0010369.png,Armored man with brown hair holding a long silver sword by his side
0010582.png,"Paper document, white, featuring a magnifying glass and a slanted yellow pencil"
0010608.png,"Sword, gray metal blade with a black and red hilt and gold accents"
0010653.png,a pixel with a sword
0010829.png,"Cleaning broom, yellow straw bristles"
0011293.png,"Adventurer, brown-haired, in a grey shirt and brown boots, holding a sword"
0011348.png,"Adventurer: brown hair, gray clothing, holding a long sword with brown boots"
0011802.png,Energy slash composed of yellow stars trailing bright yellow light streaks
0012124.png,"Knight in grey armor, red plume helmet, holding long sword and red shield"
0012284.png,Garden trowel with a brown wooden handle and a pointed black metal spade blade
0012558.png,"Shooting star, yellow five-pointed head with three long diagonal trailing rays"
0012730.png,"Diagonal club, long brown wooden handle, heavy grey stone hammer head"
0012833.png,"Pig character, pink skin, red collar, white torso, black outline, small eyes"
0013077.png,"Two crossed swords with silver metal blades, golden hilts, and red gems"
0013322.png,"Hanging head, upside-down face with black hair and red headband, pink neck"
0013489.png,"Furniture collection, small grey stone stairs beside two brown chests and two wooden crates"
0013509.png,Pink humanoid creature wearing a red headband with a thin tail extending upwards
0013529.png,Lever: Brown wooden base with a black slot and red ball handle
0013584.png,Pink block creature with two small eyes and a red bottom stripe
0013602.png,"Crossed axes, two grey metal heads on brown wooden handles in X shape"
0013686.png,"Upside-down pink pig, featuring a curly tail at top and a face at bottom"
0013711.png,Character head with a
0014375.png,"Ribbon bow, bright red fabric, large rounded loops and a central knot"
0014642.png,"Vegetable, purple turnip with green leaves positioned above a dark glass bottle"
0014878.png,"Short sword, golden blade, black hilt, and round green pommel jewel"
0014909.png,"Dagger, pointed light blue blade with a"
0014935.png,"Combat helmet, dark gray and black, featuring a protruding horizontal barrel or spike"
0015066.png,Sword featuring a curved gold hilt and a serrated gray blade
0015238.png,"Sword, light blue blade with silver crossguard, brown handle, and green jeweled pommel"
0015245.png,"Short sword, silver blade with gold hilt and green gem pommel"
0015759.png,"Silver knight, plate armor with gold trim, red cape, and horned helmet"
0015976.png,"Blue blocky zombie, exposed pink brain, glowing white eyes, dark brown legs and feet"
0016019.png,"Character, blue block with exposed pink brain, white eyes, black legs"
0016068.png,"Metallic base featuring a green antenna, blue gems, and yellow fish-shaped objects"
0016704.png,Viking warrior in grey armor swinging a sword with a white motion trail
0016716.png,"Two horizontal metallic tiles, one golden orange and one blue, with mechanical joints"
0016873.png,"Creature, cyan rectangular body with pink brain on top and solid brown base"
0016964.png,"Dagger, short grey steel blade with a cross-shaped hilt and sharp point"
0016996.png,"Axe, silver metal head, wooden handle with orange and black grip details"
0017120.png,"Metallic structure, three vertical spiked pillars, silver and gray tones, symmetrical jagged base"
0017444.png,"Stone axe with a grey head, dark wooden handle, and black twine bindings"
0017478.png,"Dagger, jagged grey blade with a simple crossguard and sharp point"
0017799.png,"Bow, wooden recurve, with a grey metallic grip and a black string"
0017864.png,"Bow and arrow, brown wooden frame, thin white string, and a grey-tipped projectile"
0017981.png,Root vegetable with a pale green body and a small leafy top
0017982.png,Grey rectangular slab standing at an angle with black outlines and shadows
0018062.png,"Longbow with a nocked white arrow, featuring brown wooden limbs and gray string"
0018421.png,Scythe with a curved gray metal blade and a brown wooden handle
0018497.png,"Metallic letter X with silver shading, rounded corners, and a dark outline"
0018648.png,"Scythe with a brown wooden handle, grey blade, and red droplet at base"
0018771.png,"Street lamp, black metal post supporting a glowing yellow lantern under a cap"
0018925.png,"Scythe, long dark red handle, gold rings, curved silver and yellow metal blade"
0018931.png,"Scythe, blue blade, brown handle, gold pommel, and a white cord"
0018977.png,"Scythe, curved grey blade, blue handle with golden accents"
0019049.png,"Longsword with a grey metallic blade, white handle, and a purple circular pommel"
0019054.png,"Broadsword with a long silver blade, black handle, and red pommel"
0019061.png,"Greatsword with a large grey blade, green crossguard, and dark hilt"
0019075.png,Greatsword with long grey metal blade and short purple handle pointing diagonally upward
0019094.png,"Blades, four gray metal weapons including a curved scimitar and several sharp daggers"
0019102.png,"Broadsword with a straight grey metal blade, green crossguard, and a dark hilt"
0019126.png,"Sword, silver metal, with a straight blade and a purple"
0019144.png,"Purple dagger, short thick violet blade with a dark grey handle and pommel"
0019146.png,"Wooden sword, brown straight blade"
0019148.png,a pixel with a pixeled image of a sword
0019154.png,"Longsword, straight light grey blade with purple grip and silver pommel"
0019155.png,"Sword with a tapered silver steel blade, red hilt, and round grey pommel"
0019158.png,Curved serrated cleaver blade made of grey metal with a dark purple handle
0019181.png,"Greatsword, wide grey blade, small crossguard, diagonal position, surrounded by black shards"
0019183.png,"Shortsword, straight grey metal blade, round pommel, and simple dark crossguard"
0019195.png,Heavy grey metal sword with a thick diagonal blade and simple black hilt
0019199.png,Long straight grey metal sword with a blue grip and round silver pommel
0019201.png,Straight grey metal sword with a black handle and small metal crossguard
0019204.png,Short wide grey metal sword featuring a teal crossguard and dark hilt
0019208.png,"Blades, a diagonal cluster containing a sickle and three various straight swords"
0019209.png,"Broadsword, short with a dark grey metal blade and small brown hilt"
0019218.png,"Lance, long grey pointed blade, small black hilt, and circular pommel"
0019228.png,"Sword, wide grey blade, green hilt, round pommel, and black outline"
0019244.png,"Longsword, straight grey steel blade featuring a purple hilt and silver crossguard"
0019248.png,"Heavy blade, wide dark grey cleaver with a cross-hatched handle"
0019249.png,"Spear, long pointed grey blade with a small red and black hilt"
0019258.png,Broad metal blade with dark grey gradients and a small red crossguard
0019259.png,Straight grey sword with a purple guard and thin green handle wrap
0019261.png,Narrow grey metal sword with a silver guard and dark green grip
0019265.png,Curved grey scimitar with a serrated edge and a simple brown handle
0019300.png,"Blade, curved grey metal with jagged edges and a short dark hilt"
0019317.png,Broadsword with a long brown blade and a purple and silver hilt
0019324.png,Steel sword with a tapered grey blade and a red-handled hilt
0019339.png,"Broadsword, grey notched blade, black crossguard, and a small red pommel"
0019362.png,"Broadsword, large gray silver blade with a dark, simple cross hilt"
0019385.png,"Longsword, slender gray blade, green hilt, angled diagonally with pointed tip"
0019387.png,"Broadsword, thick"
0019416.png,"Glass bottle with cork stopper, containing brown liquid and thin black outlines"
0019431.png,"Sword, grey metal blade, silver crossguard, black grip, and circular pommel"
0019445.png,"Straight longsword, silver blade, blue circular hilt, black handle"
0019455.png,"Sword with thick grey blade, crossguard, teal handle and round pommel"
0019463.png,"Scimitar with curved grey metal blade, simple crossguard and circular pommel base"
0019472.png,"Broadsword, wide grey blade with black crossguard and round purple pommel"
0019473.png,"Cutlass, curved dark grey blade featuring a brown leather-wrapped handle grip"
0019483.png,"Straight sword featuring a grey blade, a purple hilt, and a dark round guard"
0019499.png,"Longsword, purple blade, green handle, dark grey hilt, pointed tip"
0019511.png,"Curved scimitar with a dark metal blade, golden hilt, and a purple handle"
0019513.png,"Short sword with a notched grey blade, golden crossguard, and circular golden pommel"
0019519.png,"Sword, long grey blade, green crossguard, brown handle, and small golden pommel"
0019528.png,Slender sword featuring a light blue blade and a simple dark brown hilt
0019529.png,Heavy cleaver with a wide curved grey blade and a purple wrapped handle
0019536.png,"Greatsword with a dark grey textured blade, a simple crossguard, and black hilt"
0019539.png,"Glass vial with a cork stopper containing a light pink liquid, black outline"
0019565.png,"Scimitar, thick grey blade, green crossguard, simple hilt, black outline"
0019574.png,"Grey sword with a black outline and a circular guard, positioned diagonally upward"
0019594.png,"Longsword, straight grey metal blade with a purple crossguard and a round pommel"
0019605.png,Broad grey sword with a short handle and a curved metal blade
0019612.png,a dagger with a long blade
0019644.png,"Steel sword, long grey blade, purple crossguard, and circular silver pommel"
0019682.png,"Greatsword featuring a long purple blade, dark crossguard, and brown hilt"
0019685.png,Glass flask with a wide base containing blue liquid and topped with a cork
0019692.png,"Lizard warrior with green skin, blue helmet, holding a wooden axe and shield"
0019702.png,Large gray metallic blade featuring a dark green handle and black outlines
0019715.png,Curved silver sword blade featuring a blue crossguard and dark gray hilt
0019734.png,"Potion bottle, cross-shaped glass base, cork stopper, bright blue liquid inside"
0019738.png,"Sword with a tapered grey metal blade, green hilt, and brown crossguard"
0019742.png,"Curved metal sword with a grey blade, black hilt, and circular black guard"
0019748.png,"Golden sword with a thin yellow blade, blue hilt, and gold pommel"
0019753.png,a pixeled image of a knife
0019754.png,"Broadsword, thick grey metal blade, purple crossguard and a small black hilt"
0019756.png,"Longsword, thin grey metal blade, dark grey crossguard and a black handle"
0019757.png,"Potion bottle, wide base with green liquid, thin neck and wooden cork"
0019770.png,"Scimitar, wide curved grey blade, metal crossguard and a short green handle"
0019779.png,"Short sword featuring a thick grey blade, green crossguard, and circular pommel"
0019790.png,Curved metal scimitar featuring a
0019797.png,"Short sword, gray metal blade with a purple grip and a circular pink pommel"
0019803.png,"Curved blade, a sharp grey metal dagger with a dark purple hilt and handle"
0019810.png,"Metal sword, gray blade with a black handle and a small purple pommel"
0019812.png,a dagger with a green handle
0019815.png,"Straight sword, grey blade, yellow crossguard, blue handle, small round pommel"
0019816.png,"Wide sword, silver leaf-shaped blade, black hilt, purple handle, sharp tip"
0019817.png,"Longsword, thin grey blade, brown handle, silver crossguard, small round pommel"
0019850.png,"Longsword, straight grey blade, simple crossguard, blue hilt, round silver pom"
0019866.png,Grey broadsword featuring a purple cross guard and black textured grip
0019871.png,Metal sword with a straight grey blade and dark round guard
0019875.png,"Cleaver sword, thick curved grey metallic blade attached to a dark blue handle"
0019896.png,"Straight broadsword, grey steel blade with brown hilt and gold accents"
0019911.png,"Short sword, thick gray metal blade, blue hilt gem, black handle, silver pommel"
0019925.png,"Long sword, silver tapered blade with a blue hilt and circular pommel"
0019949.png,"Sword, straight silver blade with a gold crossguard and green fabric wrapped hilt"
0019961.png,"Sword, wide grey metal blade with a black hilt and dark grey handle"
0019988.png,"Sword with a grey blade, black hilt, and a circular pommel"
0019993.png,Sword with a long grey blade and a dark green crossguard
0019996.png,"Straight sword, silver metal blade, blue crossguard, and black hilt with circular pommel"
0020034.png,a pixeled image of a knife
0020044.png,"Large silver broadsword, straight double-edged blade, black crossguard and red circular pommel"
0020053.png,"Curved silver sword, thick blade with a flat top,"
0020074.png,"Long grey sword with a textured blade, black crossguard, and circular silver pom"
0020083.png,"Sword: Grey metallic curved blade, brown hilt with round pommel, angled upwards"
0020085.png,"Greatsword: Pointed grey steel blade, cross-shaped guard, and circular pommel on handle"
0020091.png,Longsword: Straight grey blade with a teal grip and a thin metal cross guard
0020093.png,"Broadsword: Wide dark grey blade,"
0020108.png,"Longsword, straight silver blade, brown crossguard and hilt, pointed tip angled diagonally"
0020110.png,"Weapon set, silver scythe, spear, and dagger with dark handles arranged together"
0020119.png,"Large broadsword, grey oval blade, green handle, golden crossguard, black outline"
0020158.png,"Dagger, thick grey blade, dark hilt, diagonal position, black outlined edges"
0020163.png,"Sword, silver blade, metal crossguard, black handle, pointing diagonally upwards"
0020169.png,"Broadsword, metallic grey blade with rounded tip, black crossguard, and purple grip"
0020174.png,"Rapier, slender metallic blade with purple tinting, grey crossguard, and hilt"
0020179.png,"Wavy sword, grey rippled blade, purple handle, small golden crossguard"
0020187.png,"Metal longsword with narrow grey blade, simple crossguard, and green and purple hilt"
0020216.png,"Sword, silver curved blade with a round silver hilt and guard"
0020246.png,"Glass flask with a wide base, narrow neck, wooden cork, and brown liquid"
0020249.png,Curved sword with a silver metal blade and a brown wooden hilt
0020256.png,Grey greatsword with a thick silver blade and a dark black handle
0020275.png,Glass potion bottle filled with orange liquid and a small wooden cork
0020288.png,"Curved silver scimitar, steel blade with a grey hilt and guard"
0020297.png,"Long grey pointed lance, metallic shaft with a small green handle"
0020304.png,"Long metallic grey lance, tapered point and a dark textured handle"
0020320.png,"Spearhead with a long serrated grey blade, purple hilt, and white pommel"
0020330.png,"Longsword, metallic grey, with a dark crossguard and a straight blade"
0020351.png,"Curved metal sword with a grey blade, brown handle, and simple circular crossguard"
0020362.png,"Sword with a tapered grey steel blade, dark guard, and brown wooden handle"
0020370.png,Broad grey metal sword with a dark handle and a simple crossguard
0020394.png,"Iron sword with a grey blade, black crossguard, and a short hilt"
0020398.png,"Straight green sword,"
0020416.png,"Sword, sharp grey metal blade, simple black hilt, and a diagonal orientation"
0020431.png,"Sword, straight grey metallic blade, green grip, and a silver crossguard"
0020436.png,"Sword, curved grey metal blade, brown hilt, and a round silver pommel"
0020456.png,"Curved sword, slender grey metal blade, dark handle, and simple crossguard"
0020465.png,"Sword, curved grey metal blade, pink circular guard and a black handle"
0020483.png,"Longsword with a straight grey-blue blade, black hilt, and dark brown handle"
0020494.png,"Longsword, straight grey metal blade, dark crossguard, and four black corner dots"
0020495.png,"Broadsword, thick grey metal blade, brown hilt, and four black corner dots"
0020517.png,"Longsword with a straight grey blade, purple handle, and a silver pommel"
0020533.png,Short metallic sword with a wide blade and a round pink handle
0020546.png,"Sword with a thick purple blade, green guard, and light grey handle"
0020564.png,"Humanoid character wearing a green tunic, yellow boots, and holding a sword"
0020566.png,"Metal cleaver with a grey blade, round handle, and black outlines"
0020581.png,"Long metal sword with a grey blade, black hilt and sharp tip"
0020602.png,Straight silver
0020615.png,"Scimitar sword, curved grey blade, black hilt, and small circular pommel at base"
0020640.png,"Flamberge sword, wavy dark grey blade with a blue cross guard"
0020670.png,"Broadsword, wide silver blade, green handle with teal accents, angled orientation"
0020671.png,"Longsword, straight grey metal blade, dark crossguard, held at an angle"
0020684.png,a green and black dagger with a white background
0020714.png,Curved scimitar with a grey metal blade and a brown wooden handle
0020720.png,Leaf shaped sword with a purple blade and a small grey crossguard
0020731.png,Long sword featuring a grey steel blade and a purple cross-guard hilt
0020743.png,Short grey sword with a purple hilt and a thick pointed blade
0020757.png,"Simple grey sword with dark purple handle and black hilt, angled diagonally"
0020761.png,"Short grey sword with rounded blade, black crossguard, and blue pommel"
0020769.png,"Thick curved grey sword with red grip and black hilt, angled diagonally"
0020780.png,"Longsword, silver blade, purple hilt, round pommel, pointed tip, angled diagonal"
0020787.png,"Dagger, wide silver blade, green hilt, round pommel, short and sharp"
0020788.png,"Broadsword, wide silver blade, purple hilt, black guard, pointed tip, angled"
0020796.png,"Wavy sword: grey serrated blade, black crossguard, grey handle, and circular white pommel"
0020798.png,"Short sword: straight grey blade, thin purple crossguard, grey handle, and round pommel"
0020826.png,Diamond-shaped glass flask containing teal-green liquid and a small brown cork stopper
0020831.png,"Sword. Wide dark grey blade, black hilt, and silver pommel at the base"
0020835.png,"Sword. Curved blade with green and tan patterns, blue hilt, and silver pommel"
0020850.png,a black and white image of a knife
0020911.png,"Longsword, straight grey steel blade, black crossguard, blue pommel, thin dark handle"
0020947.png,"Dagger, jagged wavy purple blade, dark grey handle, floating black debris"
0020948.png,"Spear head, dark grey steel, pointed blade, short wrapped handle"
0020953.png,"Potion vial, narrow glass, cork stopper, containing turquoise liquid, black outlines"
0020980.png,"Longsword, straight silver metal blade, brown hilt, cross-guard, red pommel, pointed tip"
0021014.png,"Sword featuring a serrated tan blade, dark crossguard, and circular pommel"
0021018.png,"Short sword with a grey metallic blade, green handle, and golden pommel"
0021024.png,Curved dark purple blade with a black hilt and a simple gold pommel
0021055.png,"Curved scimitar, silver steel blade with a brown wooden hilt and crossguard"
0021064.png,"Steel broadsword, long grey blade, purple circular crossguard, and a black wrapped hilt"
0021109.png,Simple grey metal sword with a
0021110.png,a pixeled sword with a yellow handle
0021125.png,"Broadsword, large metal silver blade with black guard and brown handle"
0021142.png,"Sword, long purple blade with black edges and a simple grey crossguard hilt"
0021160.png,"Broadsword, large gray blade with black details, purple hilt, and round pommel"
0021171.png,"Rapier sword, grey metal blade, green hilt, and floating dark specks"
0021185.png,"Greatsword, thick silver blade with a purple hilt and dark gray"
0021196.png,Machete with a long grey steel blade and a blue textured grip handle
0021206.png,"Straight sword with a grey metallic blade, purple crossguard"
0021230.png,"Greatsword, oversized grey metal blade with black handle, green grip and silver pommel"
0021256.png,"Sword, curved grey steel blade with a black outline and a purple pommel"
0021266.png,"Sword, broad straight grey metal blade with a purple pommel and thin crossguard"
0022013.png,Primitive axe with a sharp gray stone head tied to a brown handle
0022107.png,"Warrior, brown hair, blue tunic, holding a long silver sword in profile"
0022116.png,"Warhammer, large gray rectangular head, wooden handle with blue metallic accents"
0022319.png,"Warrior, brown hair and blue clothes holding a long white bladed sword"
0022377.png,"Human character, blue tunic, brown hair, holding a white sword pointed right"
0022389.png,"Polearm weapon, dark brown wooden shaft, triangular grey metal head, green details"
0022478.png,Small green creature with large ears hanging from thin dark vertical vines
0022485.png,War hammer featuring a large grey head and a long brown wooden handle
0022534.png,"Male warrior from behind, brown hair, blue tunic, holding a vertical silver sword"
0022535.png,"Male warrior in profile, brown hair, blue tunic, pointing long silver sword forward"
0022591.png,"Long sword with a gray metallic blade, dark crossguard and brown leather handle"
0022630.png,"Blue swordsman standing in profile facing right, holding a long grey blade"
0022631.png,"Blue swordsman standing in profile facing left, holding a long grey blade"
0022690.png,Hammer tool with a large square grey metal head and a long brown handle
0022702.png,Man with brown hair wearing blue clothes holding a long grey sword forward
0022762.png,"Humanoid swordsman wearing a blue tunic, brown hair, holding a long silver blade"
0022813.png,"Pickaxe, dark wooden handle, blue studded details, grey pointed metal head, simple shading"
0022835.png,Sledgehammer with a rectangular blue-grey head and long diagonal wooden handle
0023060.png,Large hammer with a rectangular grey head and a long diagonal brown handle
0023100.png,"Swordsman, brown hair, blue tunic, holding a long light gray sword pointed right"
0023108.png,"Swordsman, brown hair, blue clothing, standing and pointing a white sword forward"
0023140.png,Swordsman in a blue tunic thrusting a long silver sword straight ahead
0023174.png,"Warrior, brown-haired man in a blue tunic wielding a silver sword"
0023244.png,"Male character, back view with brown hair, blue tunic, and white sword"
0023273.png,Star wand featuring a brown wooden handle and a red tip with a white star
0023274.png,Heart staff composed of a black handle and a translucent light blue heart head
0023282.png,"Wand, light blue handle, gold ring, topped with a glowing pink heart"
0023296.png,"Heart wand with a pink heart-shaped head, gold band, and brown handle"
0023297.png,Star wand featuring a red and white star head and metallic grey handle
0023301.png,"Heart wand with a green heart-shaped head, gold band, and brown handle"
0023314.png,Wooden scepter featuring a thick brown handle and a large red heart
0023315.png,Silver scepter
0023322.png,Magic wand with a golden handle and an orange heart-shaped gemstone on top
0023327.png,"Wand, blue-handled with a gold band and a bright orange circular top"
0023333.png,"Wand, heart-shaped with a blue handle, gold ring, and orange heart head"
0023338.png,"Magic staff with a grey handle, gold collar, and clear white glass orb"
0023340.png,Magic staff with a blue handle and white orb containing an orange flame
0023346.png,White heart wand with a yellow handle and a silver metallic ring
0023348.png,Star wand featuring a blue handle and a red star-shaped head
0023352.png,Magnifying glass with a yellow handle and a golden circular lens
0023354.png,Blue heart wand with a light blue handle and heart-shaped head
0023362.png,Heart wand featuring a brown handle and a vibrant pink heart head
0023368.png,"Magic wand, grey handle, gold ring, green heart-shaped head, dark outlines"
0023370.png,"Magic wand, black handle, gold ring, pink heart-shaped head, dark outlines"
0023374.png,a pixel sword with a pink stone on it
0023384.png,"Magic wand, blue handle with a white-bordered orange star at the tip"
0023388.png,"Magnifying glass, grey handle and frame with a white lens reflecting light"
0023398.png,a pixeled sword with a pink bow
0023399.png,a pixel with a hammer and a hammer
0023401.png,"Magic wand featuring a grey handle, gold ring, and a translucent pink spherical tip"
0023404.png,Heart wand featuring a bright orange heart topper and a silver handle
0023411.png,"Star wand with a yellow handle and white, red-bordered star topper"
0023418.png,"Magic wand with a grey handle, gold ring, and a glowing orange spherical tip"
0023435.png,Star
0023438.png,Magic wand with yellow wooden handle and pink star shaped tip featuring white center
0023446.png,Heart-topped wand featuring a red heart and a yellow handle with red accents
0023447.png,Star-topped wand with a glowing green star tip and a light blue handle
0023451.png,Star wand consisting of a bright green star attached to a metallic gray handle
0023460.png,Scepter with
0023462.png,"Wand, heart-shaped orange tip, golden collar, silver metallic handle, black outlines"
0023464.png,"Magic wand with a black handle, golden collar, and five-pointed yellow star"
0023465.png,"Heart wand featuring a gold handle, yellow collar, and a vibrant green heart"
0023469.png,"Heart wand with a gold handle, blue collar, and a pale blue heart"
0023478.png,"Wand, heart-shaped orange tip, golden collar, dark grey handle, black outlines"
0023479.png,"Wand, heart-shaped white tip, golden collar, silver metallic handle, black outlines"
0023485.png,"Heart wand: brown wooden handle, gold ring, and silver heart topper"
0023486.png,"Heart wand: blue metallic handle, gold band, and green heart topper"
0023493.png,"Star wand: brown wooden handle, gold ring, and orange star topper"
0023497.png,a pixeled image of a green axe
0023499.png,"Star wand, light blue star head atop a golden cylindrical handle with silver accents"
0023500.png,"Orb wand, glowing yellow sphere inside a silver ring atop a light blue handle"
0023501.png,"Heart wand, glossy orange heart-shaped tip attached to a grey metallic handle"
0023503.png,"Heart wand, pink heart head atop a grey handle with a gold collar"
0023511.png,Magic wand with a blue crystalline handle and a green heart gem
0023517.png,"Heart wand, purple heart tip on a golden handle with a silver collar"
0023521.png,a pixel sword with a green blade
0023522.png,a pixel sword with a red heart on it
0023526.png,"Magic wand, gold handle with a pink and white star-shaped tip at top"
0023527.png,"Magic wand, brown handle topped with a white and silver star-shaped tip"
0023537.png,"Magic wand, a grey metallic handle topped with a glowing orange star ornament"
0023543.png,"Scepter, a yellow handle with a silver band and a large white spherical head"
0023549.png,"Star wand, brown wooden handle, gold ring, and a glowing green star tip"
0023552.png,"Heart wand, silver metal handle, gold ring, and a pink heart tip"
0023559.png,a green sword with a black handle
0023561.png,"Star wand, silver handle with grey shading, white star with dark outline"
0023565.png,Magic wand with a golden handle and a green star tip
0023569.png,"Scepter with grey handle, golden band, and light blue orb tip"
0023573.png,"Scepter with blue handle, golden band, and pink orb tip"
0023594.png,Wand featuring a golden handle and a green star-shaped tip with a white border
0023610.png,"Magic wand with grey handle, gold ring, and a tilted pink heart top"
0023613.png,Boomerang in a golden V-shape with a thick black outline and metallic sheen
0023619.png,"Magic wand with black handle, gold ring, and a tilted green heart top"
0023620.png,"Magnifying glass with blue handle, gold rim, and white lens with pink center"
0023623.png,"Magnifying glass with black handle, gold rim, and white lens with grey center"
0023625.png,"Magic wand with blue handle, gold ring, and a tilted pink heart top"
0023632.png,"Heart wand featuring a blue handle, golden ring, and a white heart topper"
0023638.png,"Heart wand featuring a silver handle, golden"
0023646.png,Wand featuring a black handle and a five-pointed silver star tip
0023662.png,"Magic wand with black handle, gold collar, and white orb containing red crescent"
0023667.png,"Magic wand featuring a yellow handle, silver ring, and white orb with grey center"
0023668.png,"Wand, pink heart-shaped top, black handle, purple decorative ring at the neck"
0023672.png,"Wand, pink round orb top, golden handle, silver bands near the head"
0023680.png,"Wand, green heart-shaped top, silver metal"
0023689.png,"Wand, dark gray metallic handle topped with a solid black heart shape"
0023690.png,"Staff, light blue handle featuring a glowing white and cyan orb tip"
0023691.png,"Wand, gray metal handle topped with a glowing light blue five-pointed star"
0023692.png,"Staff, golden yellow handle with a translucent light blue heart-shaped crystal tip"
0023696.png,"Wand, light blue handle featuring a small, shiny pink heart-shaped tip"
0023698.png,"Wand, light blue handle featuring a glowing light blue heart-shaped crystal tip"
0023700.png,"Wand, brown wooden handle topped with a shiny purple heart-shaped crystal"
0023716.png,"Wand with a light blue handle, gold band, and black heart-shaped tip"
0023717.png,"Wand with a light blue handle, white band, and blue star-shaped tip"
0023718.png,Wand featuring a golden handle and a glowing circular orange gem tip
0023727.png,Wand with a blue handle and red orb between two horizontal white bars
0023733.png,"Magnifying glass, black handle, gold ring, circular lens with light blue highlights"
0023735.png,"Magic wand, brown handle, gold ring, light blue heart-shaped gem at the tip"
0023744.png,"Magic wand, black handle, gold ring, blue heart-shaped gem with white highlights"
0023748.png,"Magnifying glass, blue handle, gold ring, white circular lens with light gray shading"
0023751.png,Magic wand with a silver handle and a glowing yellow star on top
0023753.png,"Wooden wand with a brown handle, golden ring, and white circular orb"
0023756.png,Magic wand with a brown wooden handle and a yellow star tip
0023767.png,"Magic wand with a blue handle, golden neck, and a red heart"
0023773.png,Light blue wand handle topped with gold ring and light blue heart crystal
0023780.png,Black wand handle topped with a gold ring and a green heart jewel
0023781.png,Silver wand handle topped with a gold ring and a pink heart jewel
0023782.png,a pixel sword with a pink and yellow blade
0023783.png,a pixeled sword with a yellow flame on it
0023791.png,Magic wand with a golden handle and a silver star-shaped tip
0023792.png,Magic wand with a blue handle and a pink star-shaped tip
0023801.png,Magic wand with a silver handle and a glossy black heart tip
0023803.png,Magic wand with a silver handle and
0023805.png,Magic wand with a thick blue handle and pink orb with white light
0023812.png,"Star wand, blue handle, silver rim, pink star with white center"
0023819.png,"Scepter, grey metal handle, gold ring, dark grey glass orb on top"
0023825.png,"Wand, heart-topped with a brown wooden handle and a shiny yellow heart crown"
0023828.png,"Wand, heart-shaped with a dark brown wooden handle and a bright orange topper"
0023833.png,Golden handle wand featuring a bright orange heart-shaped crystal at the tip
0023834.png,Yellow metallic wand ending in a soft pink heart-shaped gem and silver rim
0023840.png,Brown wooden wand featuring a green ring and a green heart-shaped top
0023848.png,Blue handled wand featuring a white circular orb inside a gold casing
0023858.png,"Magic wand, light blue handle, golden band, yellow heart-shaped head on top"
0023862.png,"Wand, black-handled with a gold"
0023864.png,a pixel sword with a flame on it
0023871.png,"Magic wand with a grey handle, gold band, and glowing orange orb"
0023874.png,"Magic wand with a blue handle, silver band, and green star tip"
0023883.png,"Magic wand with a black handle, gold band, and gold heart tip"
0023886.png,"Magic wand with a yellow handle, silver band, and gold heart tip"
0023889.png,"Magic wand with a black handle, red band, and red star tip"
0023890.png,Magic wand with a golden yellow handle and an orange heart-shaped top
0023894.png,"Wand with a brown handle, gold collar, and a black heart-shaped top"
0023900.png,"Wand with a blue handle, gold ring, and a white orb enclosing pink"
0023902.png,"Wand with a yellow handle, grey collar, and a light blue heart top"
0023908.png,"Wand with a brown handle, gold collar, and an orange star top"
0023910.png,"Wand with a grey handle, gold collar, and a red heart-shaped top"
0023911.png,"Wand with a pink heart top, black handle, and gold band"
0023912.png,"Wand with a gold handle, yellow heart topper, and silver collar"
0023915.png,"Wand with a gold handle, silver collar, and white star topper"
0023917.png,"Wand with a black handle, gold collar, and yellow star top"
0023939.png,"Heart wand with blue handle, gold collar, and pink heart with dark outlines"
0023946.png,"Wand, silver metallic handle capped with a black and white star"
0023950.png,"Wand, silver handle, gold collar, and a translucent orange heart"
0023953.png,"Wand, black handle with golden ring and silver heart-shaped glowing top"
0023954.png,"Wand, short black handle topped with a solid red heart shape"
0023956.png,"Wand, gray handle with pink ring and large purple-pink heart top"
0023958.png,"Wand, golden yellow handle with pink heart top and black outlines"
0023976.png,"Magnifying glass, black handle, golden neck, circular grey lens with white light reflections"
0023986.png,"Magic wand with black handle, gold ring, and white glass bulb containing a yellow flame"
0023987.png,"Heart-shaped wand with brown wooden handle, bright green stem, and rounded green heart top"
0023989.png,"Heart-shaped scepter with golden handle, yellow ring, and glowing orange heart head"
0024001.png,"Wand, light blue handle with a black heart-shaped head and white highlight"
0024002.png,"Wand, gold handle with a pink heart-shaped top and dark outlines"
0024005.png,a pixel sword with a yellow light on it
0024008.png,Wand with a wooden handle topped with a glowing orange heart gem
0024010.png,Wand with a golden rod topped by a pink heart-shaped gem
0024025.png,Grey metal wand featuring a bright yellow star at the tip
0024033.png,"Magic wand, black handle, gold collar, silver heart-shaped topper with a white highlight"
0024036.png,"Magic wand, blue handle, green collar, green heart-shaped topper with white shine marks"
0024050.png,Wand featuring a black handle and a glowing green star top
0024056.png,"Heart wand, golden yellow handle topped with a glowing, vibrant pink heart crystal"
0024060.png,"Star wand, golden yellow handle topped with a pink five-pointed star crystal"
0024071.png,a pixel heart with a knife in the middle
0024078.png,Wooden wand featuring a dark brown handle and a gold heart-shaped tip
0024087.png,"Magnifying glass, blue handle, gold ring, and black circular lens"
0024092.png,"Wand, with blue handle, golden ring, and pink heart-shaped crystal tip"
0024104.png,"Wand, grey handle, gold collar, and pink star-shaped tip"
0024113.png,"Magnifying glass, silver handle, gold ring, and a grey circular lens"
0024117.png,"Heart wand, yellow handle, silver ring, and a grey heart-shaped head"
0024123.png,"Magic wand, brown wooden handle, gold ring, and a yellow circular gem"
0024125.png,"Heart wand with a brown wooden handle, purple ring, and pink heart-shaped gemstone head"
0024126.png,"Heart wand with a blue metal handle, purple ring, and pink heart-shaped gemstone head"
0024130.png,Silver staff with a golden collar holding a translucent white crystal ball on top
0024132.png,a pixel sword with a yellow and black handle
0024133.png,"Wand with a black handle, gold collar, and glowing green glass sphere"
0024137.png,Wand with a grey metallic handle and a shiny pink heart-shaped topper
0024154.png,"Magic wand featuring a blue handle, silver collar, and a yellow eyeball topper"
0024155.png,"Magic wand featuring a gold handle, silver collar, and a pink heart topper"
0024157.png,"Magic wand featuring a blue handle, silver collar, and a pink star topper"
0024167.png,Magic wand with a light grey handle and a pink-and-white star-shaped tip
0024172.png,"Star wand, featuring a grey metallic handle and a light blue star top"
0024175.png,"Magic wand, silver metallic handle, glowing green heart-shaped gem and green collar"
0024181.png,"Magic wand, brown wood handle, pink star-shaped tip with white outline"
0024189.png,"Heart wand, grey handle with a gold band and glossy red heart-shaped topper"
0024193.png,"Star wand, blue handle with a gold band and red star-shaped topper"
0024194.png,a pixel knife with a red and blue blade
0024205.png,"Heart-shaped wand, short brown wooden handle, silver collar, and golden heart"
0024208.png,"Heart wand, black handle, glossy orange heart-shaped top, outlined in black"
0024213.png,"Star wand, blue handle, white star top with light blue highlights"
0024217.png,Magic wand with a black handle and an orange heart-shaped top piece
0024224.png,Magic wand with a brown wooden handle and a pink heart-shaped top
0024226.png,Magic wand with a yellow handle and a red heart-shaped top piece
0024232.png,Magic wand with a grey metallic handle and a golden heart-shaped top
0024235.png,"Magic wand, light blue handle, red heart-shaped topper, black and red collar"
0024238.png,"Magic wand, black handle, golden collar, and a translucent white crystal ball topper"
0024243.png,"Magic wand, light blue handle, orange heart topper, black and gold collar"
0024261.png,"Staff, brown wooden handle, gold ring, and large orange heart-shaped head"
0024276.png,"Magnifying glass with a blue handle, gold ring, and grey circular lens"
0024285.png,"Magnifying glass with a blue handle, gold collar, and glowing yellow lens"
0024291.png,Magic wand with a gold-outlined star tip and a golden cylindrical handle
0024296.png,Heart wand with a gold handle and a red heart-shaped top
0024300.png,Heart wand with a silver metallic handle and a red heart-shaped top
0024303.png,Wand with a blue handle and a circular head containing a green liquid orb
0024317.png,Magic wand with a long black handle and a glowing orange orb top
0024320.png,"Heart wand, consisting of a silver handle and a shiny golden heart top"
0024323.png,Magic wand with a brown handle and a black heart shaped topper
0024325.png,"Heart wand, featuring a silver handle and a bright green heart-shaped head"
0024327.png,Magic wand with a blue handle and a glowing yellow star topper
0024328.png,Magic wand with a blue handle and a red heart shaped gemstone
0024334.png,Magic wand with a blue handle and a light blue heart topper
0024340.png,"Magic wand, orange heart-shaped head, black handle, and a thick white middle band"
0024346.png,"Star wand, brown handle, gold ring, and a pink five-pointed star head"
0024347.png,"Star wand, brown handle, gold ring, and a grey five-pointed star head"
0024358.png,"Magic wand, blue metal handle with a yellow five-pointed star tip"
0024360.png,"Magic wand, blue handle featuring a glowing light blue crystal orb tip"
0024366.png,"Star wand, brown wooden handle with a red and white star tip"
0024368.png,"Star wand, brown wooden handle with a yellow and white star tip"
0024381.png,"Magic wand with black handle, grey shaft, and glowing orange orb at tip"
0024387.png,Wooden magic wand topped with a glowing light blue five-pointed star shape
0024390.png,Brown wooden wand with gold trim and a large light
0024397.png,"Magic wand, blue handle with a glowing red glass orb and silver ring"
0024406.png,"Magnifying glass with brown wooden handle, gold ring, and glowing orange lens"
0024409.png,Heart-shaped wand featuring a black handle and a bright green glowing top
0024415.png,"Heart wand, silver metal handle with a glowing blue heart-shaped gem topper"
0024418.png,"Heart wand, golden metal handle with a shiny green heart-shaped gem topper"
0024428.png,"Magic wand with a gray handle, gold rim, and red star top"
0024434.png,Heart wand with a blue metallic handle and a large pink heart-shaped top
0024443.png,"Magic wand with a wooden handle, gold ring, and blue orb crystal"
0024444.png,"Magic wand with a wooden handle, gold ring, and blue heart crystal"
0024446.png,Magic wand with a light blue handle and a green heart top
0024447.png,Magic wand with a golden handle and a green heart-shaped top
0024449.png,Magic wand with a grey metallic handle and an orange star tip
0024450.png,Magic wand with a grey metallic handle and an orange orb tip
0024459.png,"Scepter with a gray handle, gold collar, red-jeweled orb, and two horizontal white bars"
0024467.png,"Heart wand, silver metallic handle, glowing light blue heart-shaped gem on top"
0024472.png,"Golden wand, thick black handle, large yellow heart-shaped head, white glow border"
0024474.png,"Heart wand, thin black handle, golden yellow heart tip, thick black outline"
0024481.png,"Magic staff,"
0024486.png,"Magic wand, black handle, gold collar, topped with a glowing white star"
0024499.png,"Star wand with a yellow handle, blue star tip, and a single white bar"
0024500.png,Scepter
0024509.png,"Magic wand with a blue handle, gold collar, and orange heart shaped tip"
0024511.png,"Handheld lens with a blue handle, gold rim, and yellow feline eye"
0024517.png,"Magnifying glass, blue handle, golden metal rim, and a reflective light blue glass lens"
0024526.png,"Star wand, featuring a bright golden handle and a yellow star-shaped tip"
0024527.png,"Magnifying glass, brown wooden handle, silver metal rim, and a grey glass lens"
0024532.png,"Magnifying glass, blue handle, gold metal band, and a dark grey lens"
0024546.png,"Magic wand, golden handle with a red and white star-shaped tip"
0024555.png,"Wand, heart-shaped red top, gold band, and a textured black handle"
0024559.png,"Scepter, heart-shaped red top, gold band, and a yellow wooden handle"
0024564.png,"Heart wand with a light blue handle, white collar, and red heart"
0024565.png,"Star wand featuring a light blue handle, white tip, and silver-outlined star"
0024568.png,"Magic wand with a light blue handle, white collar, and yellow star"
0024574.png,"Magic wand with a blue handle, white collar, and orange fire emblem"
0024579.png,"Magic wand, gray handle, pink star topper with a dark pink outline"
0024580.png,"Magic wand, black handle, gold ring, white orb containing an orange flame"
0024585.png,"Magic wand with blue handle, silver collar, and a grey star-shaped head"
0024586.png,"Heart wand, with a golden handle, black outlines, and a pink heart top"
0024587.png,"Magic wand with grey handle, red band, and a red heart-shaped head"
0024592.png,"Magic wand with blue handle, pink band, and a pink circular head"
0024596.png,"Magic wand with black handle, gold ring, and an orange circular head"
0024600.png,"Magic wand, black"
0024602.png,a pixel sword with a gold handle
0024605.png,"Wand with gray metal handle, golden band, and a rounded pink heart-shaped topper"
0024609.png,"Wand, black handle, silver collar, red star tip with white inner star"
0024613.png,"Wand, gold handle, silver collar, golden heart-shaped topper with black outline"
0024616.png,"Wand, silver handle, black collar, golden heart-shaped topper with black outline"
0024621.png,"Staff, brown wooden handle, gold collar, grey eyeball orb at the tip"
0024622.png,"Staff, light blue handle, silver collar, purple eyeball orb at the top"
0024623.png,"Wand, brown wooden handle, silver collar, golden heart-shaped topper at the end"
0024627.png,"Heart wand: black handle, gold ring, large pink heart-shaped crystal on top"
0024630.png,"Heart wand: blue handle, gold ring, large orange heart-shaped crystal on top"
0024632.png,"Heart wand: black handle, gold ring, large dark grey heart-shaped crystal"
0024633.png,"Skeleton warrior: white bones, brown wooden shield, thin spear held in hand"
0024636.png,"Heart wand: brown wooden handle, gold"
0024637.png,"Wand with black handle, golden ring, and a white orb with a pink center"
0024645.png,a pixeled image of a hammer
0024647.png,"Heart wand, brown wooden handle, golden band, and a glowing pink heart-shaped crystal"
0024666.png,Wand with a golden handle and a glossy black heart-shaped head
0024668.png,Wand with a silver handle and a translucent light blue heart head
0024674.png,"Wand with a black handle, gold collar, and yellow orb tip"
0024675.png,Wand with a silver handle and a golden heart-shaped tip
0024678.png,Wand with a silver handle and a glowing green star head
0024681.png,a pixeled sword with a blue and brown blade
0024689.png,"Magic staff, grey handle, gold collar, white orb with green center"
0024693.png,"Star wand, silver handle, gold ring, pink star with white outline"
0024707.png,"Magic wand with a golden handle, silver band, and a glowing green orb"
0024709.png,Magic wand featuring a pale blue handle and a polished golden heart tip
0024713.png,Magic wand with a golden handle and a bright orange star-shaped tip
0024717.png,"Magic wand with a yellow handle, black band,"
0024719.png,"Heart-topped wand with a grey handle, gold ring, and polished silver heart tip"
0024723.png,Heart-topped wand with
0024730.png,"Wand, blue handle, gold band, white heart crystal on top. (10)"
0024746.png,"Ninja, black clothing, red headband, wielding a short silver and black sword"
0024775.png,Gavel with a yellow wooden head and a long horizontal red handle
0024797.png,Necromancer in black robes holding a brown staff with a white skull
0024812.png,Organic tool with a long curved brown blade and dark thin handle
0024848.png,"Energy sword with two tan blades, a brown handle, and circular hilt"
0024874.png,"Sledgehammer, gray metal rectangular head, long horizontal brown wooden handle, simple design"
0024960.png,"Curved blade, brown and tan horn weapon with a"
0024972.png,Wooden club with rounded brown head and small brown particles flying off
0024985.png,Wizard wearing dark robes holding long wooden staff topped with red orb
0025007.png,Large wooden mallet with a long brown handle and heavy grey metal head
0025046.png,"Wizard, dark hooded robes, holding a long wooden staff with a glowing orb"
0025136.png,"Ninja with black suit, red headband, and white katana, facing right"
0025164.png,Black clad ninja with a red headband
0025177.png,"Robot spider, black and red body, hanging from a grey wire"
0025180.png,"Stone hammer, grey double-sided head, brown wooden handle, angled diagonally"
0025182.png,"Ninja, black clothing, red headband, holding a long grey sword forward"
0025184.png,"Wooden well,"
0025232.png,Black ninja running horizontally wearing a red headband and carrying a white-bladed sword behind
0025258.png,"Necromancer, black hooded cloak, wooden staff with a white horned animal skull"
0025290.png,Wizard wearing a black hood and grey robe holding a wooden staff
0025394.png,a pixeled icon of a hammer
0025399.png,"Mage, black cloth robe, wooden staff, glowing white orb"
0025472.png,"Sledgehammer, large grey metal head, long brown wooden handle, simple horizontal orientation"
0025473.png,"Bow, curved wooden frame, brown and tan gradients, pointed ends, sharp aesthetic"
0025482.png,"Spear, grey metallic point, brown wooden shaft, and a small white spark"
0025574.png,Medical syringe made of grey plastic with a brown plunger and blue droplet underneath
0025584.png,Black ninja figure running while holding a silver sword and wearing a red headband
0025671.png,Mallet consisting of a long red handle and a thick golden head
0025734.png,"Ninja in black outfit with red headband, jumping with a curved yellow rope"
0025791.png,Banner in red and tan hanging from a horizontal green bar
0025815.png,"Mechanical device featuring a dark circular lens, metal frame, and brown parts"
0025840.png,Guitar made of brown wood with a circular sound hole and long neck
0025879.png,Acoustic guitar with a light brown body and a long thin neck
0025907.png,"Top-down crossbow with a brown wooden frame, central lens, and metallic bow"
0025958.png,"Guitar, brown wooden body with four tuning pegs and long neck"
0025976.png,"Archer viewed from above, carrying a brown crossbow, a quiver, and a shield"
0025992.png,"Banner, wooden pole, dark metal tip, and draped blue fabric"
0026186.png,"Soldier, top-down view, brown tunic, grey shield, round helmet, and a crossbow"
0026281.png,"Soldier, green uniform, pushing a wheeled green heavy machine gun or cannon"
0026303.png,"Ukulele, brown wooden body with a round sound hole and four tuner pegs"
0026313.png,"Camera, brown body, large circular black lens, silver and black top parts"
0026367.png,"Acoustic guitar with a brown wooden body, circular sound hole, and thin neck"
0026409.png,"Crossbow turret, brown body, gray circular lens, black mesh, metal bow and string"
0026465.png,"Acoustic guitar with a brown wooden body, sound hole, and long neck"
0026596.png,"Small armored knight with a blue helmet, teal shield, and glowing sword"
0026718.png,"Knight character, armored in grey with a teal shield, wielding a glowing cyan sword"
0026787.png,a pixel with a sword and a green and blue pixel
0026811.png,a pixel art of a sword with a red and blue armor
0026837.png,Silver starship with long vertical wings and red and blue engine details
0026876.png,"Knight, armored in dark blue, wielding a large glowing cyan scythe and teal shield"
0026891.png,Curved orange flame: bright red and orange colors with a long and tapering tail
0026904.png,"Metal handle with a flared top, two brown straps, and a dark grey base"
0027025.png,"Small knight, grey helmet, black body, swinging curved blue glowing energy blade"
0027061.png,Knight in blue armor lunging forward with a blue flaming axe
0027236.png,"Starship with a red and white fuselage, a blue cockpit, and dual wing cannons"
0027561.png,Knight in grey plate armor swinging a glowing blue energy sword arc
0027730.png,Knight in blue armor wielding a glowing blue blade and a green shield
0027818.png,"Red staff, thin vertical shaft, curved"
0028260.png,Cat head in grey profile behind a silver pole and disc
0028273.png,"Knight, wearing grey armor and wielding a glowing blue sword and shield"
0028569.png,"Golden crystal, translucent yellow gem floating inside a puff of grey smoke"
0028794.png,"Human figure, leaping with brown pants, red tunic and outstretched white limbs"
0029907.png,Slime creature in red with two glowing red eyes and a dark outline
0030170.png,a pixel with a sword and a yellow shirt
0030666.png,"Silver staff, consisting of a long vertical metallic rod topped with a grey circular sphere"
0030683.png,"Small knight, dark blue armor, pale face, gold antenna with white glowing rays"
0030694.png,"Gnome, tall red hat, red shirt, blue trousers, green boots, holding hammer"
0030709.png,"Metal longsword, straight grey blade, brown hilt, and white round pommel"
0030844.png,"Anthropomorphic brown animal wearing purple robes and a white hat, holding a candy cane"
0030910.png,"Blue creature with a yellow horn, white belly, and yellow tipped tail"
0031014.png,"Ornate key, bronze metal handle with glowing blue accents and a feathered top wing"
0031197.png,"Sword, long silver metal blade with dark hilt and crossguard pointed diagonally up"
0031260.png,Vibrant green pointed leaf with dark veins and a small brown stem at the base
0031592.png,"Female mechanic, blonde hair and blue goggles, wielding a heavy grey wrench"
0031613.png,"Garden shovel, grey metal spade attached to a wooden shaft and blue handle"
0031697.png,"Warrior, blue and gold, armored suit holding a long staff with handle"
0031824.png,a pixel with a sword and a sword
0031858.png,Blue avian creature wearing a white garment and a yellow pointed cap
0032176.png,"Totem structure, golden and brown stone with a glowing cyan core"
0032208.png,Organic weapon fragment made of brown material with blue lines
0032219.png,"Long sword with a grey metal blade, brown handle, and curved crossguard"
0032234.png,Horizontal arrow with a red wooden shaft and a golden pointed tip
0032561.png,Large sledgehammer with a long wooden handle and a flat grey metal head
0032685.png,"Scythe, wooden shaft, grey metal blade, silver accents on the tip"
0032790.png,Broadsword with a red hilt plunged into a craggy pile of grey rocks
0033030.png,Golden winged key with cyan gems and a complex serrated blade
0033099.png,Wax candle with an orange flame sitting on a round grey tray
0033188.png,Yellow candle burning inside a
0033461.png,Candle made of yellow wax sitting on a dark grey circular metal plate
0033882.png,"Candle, yellow wax, grey metal dish, burning orange and red flame"
0033903.png,Lit candle made of tan wax standing in a shallow grey metal dish
0034142.png,"Wax candle, beige, burning inside a dark grey circular dish"
0034606.png,Brown wooden staff with a curved head holding a blue jewel
0034674.png,"Wooden crossbow, brown curved limbs with a vertical arrow and gray tip"
0034832.png,"Wooden staff, brown, with a thick curved head enclosing a light blue orb"
0034969.png,"Wooden staff, straight brown shaft, curved top piece, large cyan gem, front-facing view"
0035540.png,Wooden cutting board holding chopped green herbs and a small knife
0035932.png,"Wooden staff, brown pole with a circular head framing a glowing blue orb"
0036227.png,"Staff, brown wooden curved handle encasing a round blue gem at top"
0036553.png,Wooden staff with a curved top holding a glowing light blue circular gemstone
0036587.png,Wooden staff with a curved top holding a glowing blue gemstone in the center
0036829.png,Wooden staff with a curved top holding a glowing light blue circular gemstone
0036854.png,"Staff, brown wooden rod with a curved top holding a round blue orb"
0036883.png,"Cake slice, white and tan layers, white frosting"
0036988.png,"Staff, brown wood with a hooked top and blue gemstone inset"
0036996.png,Wooden crossbow viewed from above showing brown limbs and silver bolt
0037004.png,Golden ceremonial staff with a white decorative head and blue gem
0037230.png,"Wooden staff, tall brown handle topped with a curved hook and blue gem"
0037277.png,Brown wooden crossbow with a silver metal bolt tip and a white horizontal string
0037321.png,Wooden staff featuring a curved head holding a glowing light blue circular gemstone
